{"cameraMode":{"drawMode":0,"name":"Shaded","section":"Shading Mode"},"sceneLighting":false,"audioPlay":false,"sceneViewState":{"m_AlwaysRefresh":false,"showFog":true,"showSkybox":false,"showFlares":true,"showImageEffects":true,"showParticleSystems":true,"showVisualEffectGraphs":true,"m_FxEnabled":true},"in2DMode":false,"pivot":{"x":1.0900001525878907,"y":0.4249527156352997,"z":-1.014981985092163},"rotation":{"x":0.21100489795207978,"y":-0.7568458914756775,"z":0.29349198937416079,"w":0.5442821979522705},"size":1.4797719717025757,"orthographic":false}