{"cameraMode":{"drawMode":0,"name":"Shaded","section":"Shading Mode"},"sceneLighting":false,"audioPlay":false,"sceneViewState":{"m_AlwaysRefresh":false,"showFog":true,"showSkybox":false,"showFlares":true,"showImageEffects":true,"showParticleSystems":true,"showVisualEffectGraphs":true,"m_FxEnabled":true},"in2DMode":false,"pivot":{"x":1.1920000314712525,"y":0.6539996862411499,"z":-0.21958985924720765},"rotation":{"x":0.1030164286494255,"y":-0.8220552802085877,"z":0.15812289714813233,"w":0.5368226170539856},"size":0.5610653162002564,"orthographic":false}